datetime,stock_code,exchange_code,product_type,expiry_date,right,strike_price,open,high,low,close,volume,open_interest,count
2025-04-15 07:30:00,NIFTY,NSE,,,,,22828.55,22828.55,22828.55,22828.55,,,0
2025-04-15 08:00:00,NIFTY,NSE,,,,,22828.55,22828.55,22828.55,22828.55,,,1
2025-04-15 08:30:00,NIFTY,NSE,,,,,22828.55,22828.55,22828.55,22828.55,,,2
2025-04-15 09:00:00,NIFTY,NSE,,,,,22828.55,23639.25,22828.55,23633.1,,,3
2025-04-15 09:30:00,NIFTY,NSE,,,,,23634.05,23675.2,23211.4,23300.7,,,4
2025-04-15 10:00:00,NIFTY,NSE,,,,,23302.25,23330.65,23264.65,23315.1,,,5
2025-04-15 10:30:00,NIFTY,NSE,,,,,23316.1,23322.95,23298.2,23312.6,,,6
2025-04-15 11:00:00,NIFTY,NSE,,,,,23312.45,23315.1,23300.45,23312.05,,,7
2025-04-15 11:30:00,NIFTY,NSE,,,,,23312.2,23316.35,23292.2,23309.9,,,8
2025-04-15 12:00:00,NIFTY,NSE,,,,,23309.45,23316.15,23291.65,23314.0,,,9
2025-04-15 12:30:00,NIFTY,NSE,,,,,23313.4,23341.5,23311.25,23337.75,,,10
2025-04-15 13:00:00,NIFTY,NSE,,,,,23338.05,23350.35,23334.2,23338.7,,,11
2025-04-15 13:30:00,NIFTY,NSE,,,,,23339.0,23350.65,23325.85,23335.55,,,12
2025-04-15 14:00:00,NIFTY,NSE,,,,,23335.0,23337.9,23322.15,23326.7,,,13
2025-04-15 14:30:00,NIFTY,NSE,,,,,23326.45,23334.9,23313.45,23313.8,,,14
2025-04-15 15:00:00,NIFTY,NSE,,,,,23314.0,23328.05,23308.35,23308.9,,,15
2025-04-15 15:30:00,NIFTY,NSE,,,,,23309.6,23357.1,23308.5,23344.5,,,16
2025-04-15 16:00:00,NIFTY,NSE,,,,,23344.5,23344.5,23328.55,23328.55,,,17
2025-04-16 07:30:00,NIFTY,NSE,,,,,23328.55,23328.55,23328.55,23328.55,,,18
2025-04-16 08:00:00,NIFTY,NSE,,,,,23328.55,23328.55,23328.55,23328.55,,,19
2025-04-16 08:30:00,NIFTY,NSE,,,,,23328.55,23328.55,23328.55,23328.55,,,20
2025-04-16 09:00:00,NIFTY,NSE,,,,,23328.55,23770.2,23328.55,23569.8,,,21
2025-04-16 09:30:00,NIFTY,NSE,,,,,23567.35,23567.35,23277.9,23334.4,,,22
2025-04-16 10:00:00,NIFTY,NSE,,,,,23333.75,23372.5,23326.65,23357.55,,,23
2025-04-16 10:30:00,NIFTY,NSE,,,,,23357.2,23370.35,23289.05,23300.7,,,24
2025-04-16 11:00:00,NIFTY,NSE,,,,,23302.65,23314.6,23280.75,23286.55,,,25
2025-04-16 11:30:00,NIFTY,NSE,,,,,23286.75,23336.35,23274.0,23326.75,,,26
2025-04-16 12:00:00,NIFTY,NSE,,,,,23325.1,23341.35,23316.0,23329.7,,,27
2025-04-16 12:30:00,NIFTY,NSE,,,,,23331.15,23356.0,23328.05,23346.5,,,28
2025-04-16 13:00:00,NIFTY,NSE,,,,,23348.35,23362.05,23340.65,23343.4,,,29
2025-04-16 13:30:00,NIFTY,NSE,,,,,23345.0,23358.45,23291.55,23295.55,,,30
2025-04-16 14:00:00,NIFTY,NSE,,,,,23296.8,23398.5,23286.0,23398.5,,,31
2025-04-16 14:30:00,NIFTY,NSE,,,,,23398.35,23430.5,23391.55,23413.5,,,32
2025-04-16 15:00:00,NIFTY,NSE,,,,,23412.6,23435.1,23395.7,23430.55,,,33
2025-04-16 15:30:00,NIFTY,NSE,,,,,23429.8,23452.05,23420.85,23433.15,,,34
2025-04-16 16:00:00,NIFTY,NSE,,,,,23433.15,23437.2,23433.15,23437.2,,,35
2025-04-17 07:30:00,NIFTY,NSE,,,,,23437.2,23437.2,23437.2,23437.2,,,36
2025-04-17 08:00:00,NIFTY,NSE,,,,,23437.2,23437.2,23437.2,23437.2,,,37
2025-04-17 08:30:00,NIFTY,NSE,,,,,23437.2,23437.2,23437.2,23437.2,,,38
2025-04-17 09:00:00,NIFTY,NSE,,,,,23437.2,23437.2,23063.15,23344.0,,,39
2025-04-17 09:30:00,NIFTY,NSE,,,,,23343.4,23452.1,23299.15,23304.9,,,40
2025-04-17 10:00:00,NIFTY,NSE,,,,,23307.8,23434.55,23306.0,23412.75,,,41
2025-04-17 10:30:00,NIFTY,NSE,,,,,23413.8,23417.35,23341.05,23396.45,,,42
2025-04-17 11:00:00,NIFTY,NSE,,,,,23397.2,23444.85,23392.15,23412.4,,,43
2025-04-17 11:30:00,NIFTY,NSE,,,,,23411.95,23520.5,23369.15,23519.65,,,44
2025-04-17 12:00:00,NIFTY,NSE,,,,,23520.0,23634.35,23515.85,23601.95,,,45
2025-04-17 12:30:00,NIFTY,NSE,,,,,23601.8,23682.35,23576.3,23678.45,,,46
2025-04-17 13:00:00,NIFTY,NSE,,,,,23678.05,23746.85,23672.35,23745.05,,,47
2025-04-17 13:30:00,NIFTY,NSE,,,,,23743.6,23797.4,23723.95,23773.15,,,48
2025-04-17 14:00:00,NIFTY,NSE,,,,,23773.35,23852.5,23773.0,23852.5,,,49
2025-04-17 14:30:00,NIFTY,NSE,,,,,23850.4,23871.25,23783.8,23835.7,,,50
2025-04-17 15:00:00,NIFTY,NSE,,,,,23836.0,23871.3,23835.8,23871.2,,,51
2025-04-17 15:30:00,NIFTY,NSE,,,,,23870.55,23871.25,23831.35,23840.1,,,52
2025-04-17 16:00:00,NIFTY,NSE,,,,,23840.1,23851.65,23840.1,23851.65,,,53
2025-04-21 07:30:00,NIFTY,NSE,,,,,23851.65,23851.65,23851.65,23851.65,,,54
2025-04-21 08:00:00,NIFTY,NSE,,,,,23851.65,23851.65,23851.65,23851.65,,,55
2025-04-21 08:30:00,NIFTY,NSE,,,,,23851.65,23851.65,23851.65,23851.65,,,56
2025-04-21 09:00:00,NIFTY,NSE,,,,,23851.65,23952.4,23516.3,23946.95,,,57
2025-04-21 09:30:00,NIFTY,NSE,,,,,23952.05,24044.9,23903.9,23944.95,,,58
2025-04-21 10:00:00,NIFTY,NSE,,,,,23946.0,24039.3,23931.25,24037.05,,,59
2025-04-21 10:30:00,NIFTY,NSE,,,,,24038.7,24061.2,24009.3,24045.3,,,60
2025-04-21 11:00:00,NIFTY,NSE,,,,,24046.1,24101.8,24040.75,24092.9,,,61
2025-04-21 11:30:00,NIFTY,NSE,,,,,24092.9,24132.7,24086.55,24123.0,,,62
2025-04-21 12:00:00,NIFTY,NSE,,,,,24122.65,24143.6,24099.05,24134.8,,,63
2025-04-21 12:30:00,NIFTY,NSE,,,,,24134.6,24182.1,24125.65,24163.45,,,64
2025-04-21 13:00:00,NIFTY,NSE,,,,,24165.65,24188.45,24163.5,24184.75,,,65
2025-04-21 13:30:00,NIFTY,NSE,,,,,24184.8,24188.5,24146.5,24156.5,,,66
2025-04-21 14:00:00,NIFTY,NSE,,,,,24154.5,24171.6,24106.5,24145.85,,,67
2025-04-21 14:30:00,NIFTY,NSE,,,,,24145.85,24157.35,24133.3,24136.2,,,68
2025-04-21 15:00:00,NIFTY,NSE,,,,,24133.5,24156.0,24120.0,24146.75,,,69
2025-04-21 15:30:00,NIFTY,NSE,,,,,24145.5,24145.6,24109.95,24120.2,,,70
2025-04-21 16:00:00,NIFTY,NSE,,,,,24120.2,24125.55,24120.2,24125.55,,,71
2025-04-22 07:30:00,NIFTY,NSE,,,,,24125.55,24125.55,24125.55,24125.55,,,72
2025-04-22 08:00:00,NIFTY,NSE,,,,,24125.55,24125.55,24125.55,24125.55,,,73
2025-04-22 08:30:00,NIFTY,NSE,,,,,24125.55,24125.55,24125.55,24125.55,,,74
2025-04-22 09:00:00,NIFTY,NSE,,,,,24125.55,24757.5,24125.55,24494.65,,,75
2025-04-22 09:30:00,NIFTY,NSE,,,,,24494.0,24495.55,24073.25,24133.8,,,76
2025-04-22 10:00:00,NIFTY,NSE,,,,,24135.2,24190.3,24134.3,24165.3,,,77
2025-04-22 10:30:00,NIFTY,NSE,,,,,24163.85,24215.1,24163.85,24197.3,,,78
2025-04-22 11:00:00,NIFTY,NSE,,,,,24196.5,24231.7,24193.9,24231.4,,,79
2025-04-22 11:30:00,NIFTY,NSE,,,,,24231.15,24242.25,24178.85,24186.1,,,80
2025-04-22 12:00:00,NIFTY,NSE,,,,,24184.6,24221.4,24166.15,24216.0,,,81
2025-04-22 12:30:00,NIFTY,NSE,,,,,24215.85,24218.75,24182.1,24194.55,,,82
2025-04-22 13:00:00,NIFTY,NSE,,,,,24193.6,24194.95,24175.5,24180.2,,,83
2025-04-22 13:30:00,NIFTY,NSE,,,,,24178.35,24197.55,24168.25,24190.25,,,84
2025-04-22 14:00:00,NIFTY,NSE,,,,,24190.35,24192.6,24173.6,24179.05,,,85
2025-04-22 14:30:00,NIFTY,NSE,,,,,24180.2,24189.4,24173.15,24179.05,,,86
2025-04-22 15:00:00,NIFTY,NSE,,,,,24179.5,24184.7,24144.05,24171.7,,,87
2025-04-22 15:30:00,NIFTY,NSE,,,,,24170.45,24181.0,24126.95,24141.2,,,88
2025-04-22 16:00:00,NIFTY,NSE,,,,,24141.2,24167.25,24141.2,24167.25,,,89
2025-04-23 07:30:00,NIFTY,NSE,,,,,24167.25,24167.25,24167.25,24167.25,,,90
2025-04-23 08:00:00,NIFTY,NSE,,,,,24167.25,24167.25,24167.25,24167.25,,,91
2025-04-23 08:30:00,NIFTY,NSE,,,,,24167.25,24167.25,24167.25,24167.25,,,92
2025-04-23 09:00:00,NIFTY,NSE,,,,,24167.25,24636.6,24167.25,24390.4,,,93
2025-04-23 09:30:00,NIFTY,NSE,,,,,24388.4,24405.8,24285.15,24313.95,,,94
2025-04-23 10:00:00,NIFTY,NSE,,,,,24312.5,24345.7,24265.2,24316.0,,,95
2025-04-23 10:30:00,NIFTY,NSE,,,,,24315.25,24318.25,24189.95,24232.05,,,96
2025-04-23 11:00:00,NIFTY,NSE,,,,,24231.75,24242.1,24120.15,24162.8,,,97
2025-04-23 11:30:00,NIFTY,NSE,,,,,24163.1,24219.2,24158.6,24193.65,,,98
2025-04-23 12:00:00,NIFTY,NSE,,,,,24193.9,24251.8,24188.6,24213.15,,,99
2025-04-23 12:30:00,NIFTY,NSE,,,,,24212.5,24226.65,24197.9,24210.7,,,100
2025-04-23 13:00:00,NIFTY,NSE,,,,,24210.15,24251.2,24207.95,24248.9,,,101
2025-04-23 13:30:00,NIFTY,NSE,,,,,24250.35,24266.75,24229.45,24261.9,,,102
2025-04-23 14:00:00,NIFTY,NSE,,,,,24261.85,24300.35,24251.0,24292.75,,,103
2025-04-23 14:30:00,NIFTY,NSE,,,,,24293.15,24314.8,24289.45,24310.4,,,104
2025-04-23 15:00:00,NIFTY,NSE,,,,,24311.0,24326.65,24278.8,24324.85,,,105
2025-04-23 15:30:00,NIFTY,NSE,,,,,24325.8,24340.25,24282.35,24282.35,,,106
2025-04-23 16:00:00,NIFTY,NSE,,,,,24282.35,24328.95,24282.35,24328.95,,,107
2025-04-24 07:30:00,NIFTY,NSE,,,,,24328.95,24328.95,24328.95,24328.95,,,108
2025-04-24 08:00:00,NIFTY,NSE,,,,,24328.95,24328.95,24328.95,24328.95,,,109
2025-04-24 08:30:00,NIFTY,NSE,,,,,24328.95,24328.95,24328.95,24328.95,,,110
2025-04-24 09:00:00,NIFTY,NSE,,,,,24328.95,24537.0,24328.95,24391.85,,,111
2025-04-24 09:30:00,NIFTY,NSE,,,,,24390.6,24390.6,24238.4,24254.4,,,112
2025-04-24 10:00:00,NIFTY,NSE,,,,,24254.75,24347.55,24239.7,24271.25,,,113
2025-04-24 10:30:00,NIFTY,NSE,,,,,24272.45,24313.1,24262.2,24290.9,,,114
2025-04-24 11:00:00,NIFTY,NSE,,,,,24291.0,24297.05,24268.8,24283.65,,,115
2025-04-24 11:30:00,NIFTY,NSE,,,,,24283.6,24287.75,24252.9,24256.1,,,116
2025-04-24 12:00:00,NIFTY,NSE,,,,,24256.75,24271.25,24254.65,24260.9,,,117
2025-04-24 12:30:00,NIFTY,NSE,,,,,24260.65,24273.1,24255.25,24256.15,,,118
2025-04-24 13:00:00,NIFTY,NSE,,,,,24255.75,24273.4,24248.4,24265.55,,,119
2025-04-24 13:30:00,NIFTY,NSE,,,,,24265.6,24271.9,24253.5,24258.05,,,120
2025-04-24 14:00:00,NIFTY,NSE,,,,,24258.55,24263.45,24242.05,24252.85,,,121
2025-04-24 14:30:00,NIFTY,NSE,,,,,24253.8,24263.15,24243.75,24247.75,,,122
2025-04-24 15:00:00,NIFTY,NSE,,,,,24248.4,24249.1,24217.2,24243.45,,,123
2025-04-24 15:30:00,NIFTY,NSE,,,,,24243.95,24259.7,24235.5,24244.7,,,124
2025-04-24 16:00:00,NIFTY,NSE,,,,,24244.7,24246.7,24244.7,24246.7,,,125
2025-04-25 07:30:00,NIFTY,NSE,,,,,24246.7,24246.7,24246.7,24246.7,,,126
2025-04-25 08:00:00,NIFTY,NSE,,,,,24246.7,24246.7,24246.7,24246.7,,,127
2025-04-25 08:30:00,NIFTY,NSE,,,,,24246.7,24246.7,24246.7,24246.7,,,128
2025-04-25 09:00:00,NIFTY,NSE,,,,,24246.7,24246.7,24011.85,24095.45,,,129
2025-04-25 09:30:00,NIFTY,NSE,,,,,24093.9,24364.85,24086.05,24313.1,,,130
2025-04-25 10:00:00,NIFTY,NSE,,,,,24311.85,24314.05,24054.45,24055.8,,,131
2025-04-25 10:30:00,NIFTY,NSE,,,,,24056.45,24056.6,23924.05,23934.9,,,132
2025-04-25 11:00:00,NIFTY,NSE,,,,,23935.65,23997.65,23908.95,23936.0,,,133
2025-04-25 11:30:00,NIFTY,NSE,,,,,23935.75,23950.1,23879.7,23912.25,,,134
2025-04-25 12:00:00,NIFTY,NSE,,,,,23912.3,23927.25,23848.35,23880.4,,,135
2025-04-25 12:30:00,NIFTY,NSE,,,,,23881.3,23962.65,23859.25,23947.15,,,136
2025-04-25 13:00:00,NIFTY,NSE,,,,,23947.15,24033.0,23935.85,24026.8,,,137
2025-04-25 13:30:00,NIFTY,NSE,,,,,24028.65,24071.15,24013.05,24043.85,,,138
2025-04-25 14:00:00,NIFTY,NSE,,,,,24044.15,24149.6,24039.15,24145.7,,,139
2025-04-25 14:30:00,NIFTY,NSE,,,,,24146.1,24150.65,24046.0,24101.7,,,140
2025-04-25 15:00:00,NIFTY,NSE,,,,,24099.3,24101.1,24038.15,24081.6,,,141
2025-04-25 15:30:00,NIFTY,NSE,,,,,24082.95,24085.35,23986.1,23992.45,,,142
2025-04-25 16:00:00,NIFTY,NSE,,,,,23992.45,24039.35,23992.45,24039.35,,,143
2025-04-28 08:30:00,NIFTY,NSE,,,,,24039.35,24039.35,24039.35,24039.35,,,144
2025-04-28 09:00:00,NIFTY,NSE,,,,,24039.35,24159.4,23947.45,24139.65,,,145
2025-04-28 09:30:00,NIFTY,NSE,,,,,24135.95,24181.35,24051.55,24120.15,,,146
2025-04-28 10:00:00,NIFTY,NSE,,,,,24123.4,24231.85,24120.7,24231.85,,,147
2025-04-28 10:30:00,NIFTY,NSE,,,,,24230.9,24282.75,24217.8,24241.5,,,148
2025-04-28 11:00:00,NIFTY,NSE,,,,,24239.6,24282.9,24239.5,24277.5,,,149
2025-04-28 11:30:00,NIFTY,NSE,,,,,24276.95,24282.2,24210.75,24255.4,,,150
2025-04-28 12:00:00,NIFTY,NSE,,,,,24255.4,24288.7,24248.65,24278.4,,,151
2025-04-28 12:30:00,NIFTY,NSE,,,,,24278.55,24350.7,24272.15,24347.8,,,152
2025-04-28 13:00:00,NIFTY,NSE,,,,,24349.45,24354.75,24326.6,24347.6,,,153
2025-04-28 13:30:00,NIFTY,NSE,,,,,24348.35,24352.5,24313.5,24327.85,,,154
2025-04-28 14:00:00,NIFTY,NSE,,,,,24329.85,24351.6,24323.2,24334.65,,,155
2025-04-28 14:30:00,NIFTY,NSE,,,,,24335.45,24353.7,24293.55,24306.0,,,156
2025-04-28 15:00:00,NIFTY,NSE,,,,,24307.5,24332.3,24260.9,24325.9,,,157
2025-04-28 15:30:00,NIFTY,NSE,,,,,24328.25,24341.3,24309.55,24312.25,,,158
2025-04-28 16:00:00,NIFTY,NSE,,,,,24312.25,24328.5,24312.25,24328.5,,,159
2025-04-29 07:30:00,NIFTY,NSE,,,,,24328.5,24328.5,24328.5,24328.5,,,160
2025-04-29 08:00:00,NIFTY,NSE,,,,,24328.5,24328.5,24328.5,24328.5,,,161
2025-04-29 08:30:00,NIFTY,NSE,,,,,24328.5,24328.5,24328.5,24328.5,,,162
2025-04-29 09:00:00,NIFTY,NSE,,,,,24328.5,24328.5,24121.15,24200.6,,,163
2025-04-29 09:30:00,NIFTY,NSE,,,,,24200.8,24456.85,24180.2,24414.05,,,164
2025-04-29 10:00:00,NIFTY,NSE,,,,,24410.3,24452.9,24291.0,24386.65,,,165
2025-04-29 10:30:00,NIFTY,NSE,,,,,24384.6,24396.15,24311.3,24315.85,,,166
2025-04-29 11:00:00,NIFTY,NSE,,,,,24314.8,24353.7,24305.5,24337.55,,,167
2025-04-29 11:30:00,NIFTY,NSE,,,,,24338.1,24369.85,24335.8,24349.8,,,168
2025-04-29 12:00:00,NIFTY,NSE,,,,,24351.45,24356.8,24307.15,24307.45,,,169
2025-04-29 12:30:00,NIFTY,NSE,,,,,24307.5,24323.75,24302.45,24316.25,,,170
2025-04-29 13:00:00,NIFTY,NSE,,,,,24316.1,24363.55,24316.0,24360.65,,,171
2025-04-29 13:30:00,NIFTY,NSE,,,,,24361.35,24376.05,24341.35,24366.65,,,172
2025-04-29 14:00:00,NIFTY,NSE,,,,,24366.6,24372.7,24347.65,24359.85,,,173
2025-04-29 14:30:00,NIFTY,NSE,,,,,24359.95,24375.5,24342.4,24347.25,,,174
2025-04-29 15:00:00,NIFTY,NSE,,,,,24348.7,24361.95,24339.0,24345.7,,,175
2025-04-29 15:30:00,NIFTY,NSE,,,,,24344.6,24348.5,24310.6,24328.65,,,176
2025-04-29 16:00:00,NIFTY,NSE,,,,,24328.65,24335.95,24328.65,24335.95,,,177
2025-04-30 07:30:00,NIFTY,NSE,,,,,24335.95,24335.95,24335.95,24335.95,,,178
2025-04-30 08:00:00,NIFTY,NSE,,,,,24335.95,24335.95,24335.95,24335.95,,,179
2025-04-30 08:30:00,NIFTY,NSE,,,,,24335.95,24335.95,24335.95,24335.95,,,180
2025-04-30 09:00:00,NIFTY,NSE,,,,,24335.95,24864.1,24335.95,24703.65,,,181
2025-04-30 09:30:00,NIFTY,NSE,,,,,24702.65,24702.65,24270.35,24323.5,,,182
2025-04-30 10:00:00,NIFTY,NSE,,,,,24323.15,24395.15,24319.55,24360.7,,,183
2025-04-30 10:30:00,NIFTY,NSE,,,,,24361.05,24371.95,24327.75,24332.35,,,184
2025-04-30 11:00:00,NIFTY,NSE,,,,,24332.75,24351.2,24290.4,24347.95,,,185
2025-04-30 11:30:00,NIFTY,NSE,,,,,24347.95,24371.6,24326.15,24333.15,,,186
2025-04-30 12:00:00,NIFTY,NSE,,,,,24332.7,24345.85,24313.55,24337.9,,,187
2025-04-30 12:30:00,NIFTY,NSE,,,,,24338.15,24365.0,24337.35,24346.45,,,188
2025-04-30 13:00:00,NIFTY,NSE,,,,,24346.55,24363.75,24338.85,24340.35,,,189
2025-04-30 13:30:00,NIFTY,NSE,,,,,24339.85,24343.1,24326.7,24333.7,,,190
2025-04-30 14:00:00,NIFTY,NSE,,,,,24333.6,24353.25,24333.4,24348.0,,,191
2025-04-30 14:30:00,NIFTY,NSE,,,,,24347.95,24351.55,24331.4,24336.7,,,192
2025-04-30 15:00:00,NIFTY,NSE,,,,,24336.35,24388.8,24324.15,24386.95,,,193
2025-04-30 15:30:00,NIFTY,NSE,,,,,24385.75,24395.8,24230.1,24246.25,,,194
2025-04-30 16:00:00,NIFTY,NSE,,,,,24246.25,24334.2,24246.25,24334.2,,,195
2025-05-02 07:30:00,NIFTY,NSE,,,,,24334.2,24334.2,24334.2,24334.2,,,196
2025-05-02 08:00:00,NIFTY,NSE,,,,,24334.2,24334.2,24334.2,24334.2,,,197
2025-05-02 08:30:00,NIFTY,NSE,,,,,24334.2,24334.2,24334.2,24334.2,,,198
2025-05-02 09:00:00,NIFTY,NSE,,,,,24334.2,24712.95,24334.2,24678.2,,,199
2025-05-02 09:30:00,NIFTY,NSE,,,,,24679.5,24685.55,24307.25,24497.7,,,200
2025-05-02 10:00:00,NIFTY,NSE,,,,,24498.65,24576.2,24494.0,24575.8,,,201
2025-05-02 10:30:00,NIFTY,NSE,,,,,24576.15,24588.65,24505.8,24506.2,,,202
2025-05-02 11:00:00,NIFTY,NSE,,,,,24505.95,24531.15,24410.45,24443.2,,,203
2025-05-02 11:30:00,NIFTY,NSE,,,,,24443.05,24445.3,24371.2,24380.4,,,204
2025-05-02 12:00:00,NIFTY,NSE,,,,,24380.2,24381.8,24319.75,24347.95,,,205
2025-05-02 12:30:00,NIFTY,NSE,,,,,24346.75,24350.35,24239.3,24249.05,,,206
2025-05-02 13:00:00,NIFTY,NSE,,,,,24249.6,24310.85,24241.0,24289.9,,,207
2025-05-02 13:30:00,NIFTY,NSE,,,,,24290.95,24378.6,24266.2,24374.5,,,208
2025-05-02 14:00:00,NIFTY,NSE,,,,,24374.1,24412.2,24374.1,24375.6,,,209
2025-05-02 14:30:00,NIFTY,NSE,,,,,24376.2,24400.65,24293.25,24294.35,,,210
2025-05-02 15:00:00,NIFTY,NSE,,,,,24295.5,24392.05,24286.9,24392.05,,,211
2025-05-02 15:30:00,NIFTY,NSE,,,,,24392.4,24397.75,24309.85,24312.2,,,212
2025-05-02 16:00:00,NIFTY,NSE,,,,,24312.2,24346.7,24312.2,24346.7,,,213
2025-05-05 07:30:00,NIFTY,NSE,,,,,24346.7,24346.7,24346.7,24346.7,,,214
2025-05-05 08:00:00,NIFTY,NSE,,,,,24346.7,24346.7,24346.7,24346.7,,,215
2025-05-05 08:30:00,NIFTY,NSE,,,,,24346.7,24346.7,24346.7,24346.7,,,216
2025-05-05 09:00:00,NIFTY,NSE,,,,,24346.7,24731.8,24316.0,24505.6,,,217
2025-05-05 09:30:00,NIFTY,NSE,,,,,24503.6,24505.45,24395.95,24437.6,,,218
2025-05-05 10:00:00,NIFTY,NSE,,,,,24435.35,24510.6,24403.1,24507.45,,,219
2025-05-05 10:30:00,NIFTY,NSE,,,,,24508.35,24508.35,24464.0,24483.95,,,220
2025-05-05 11:00:00,NIFTY,NSE,,,,,24484.65,24526.2,24460.45,24474.7,,,221
2025-05-05 11:30:00,NIFTY,NSE,,,,,24474.8,24495.9,24459.65,24464.8,,,222
2025-05-05 12:00:00,NIFTY,NSE,,,,,24467.15,24481.6,24414.45,24443.4,,,223
2025-05-05 12:30:00,NIFTY,NSE,,,,,24443.6,24460.6,24430.0,24458.25,,,224
2025-05-05 13:00:00,NIFTY,NSE,,,,,24457.45,24475.95,24441.7,24474.7,,,225
2025-05-05 13:30:00,NIFTY,NSE,,,,,24472.75,24477.0,24434.05,24458.3,,,226
2025-05-05 14:00:00,NIFTY,NSE,,,,,24457.1,24492.9,24456.05,24483.2,,,227
2025-05-05 14:30:00,NIFTY,NSE,,,,,24484.3,24490.35,24455.0,24474.9,,,228
2025-05-05 15:00:00,NIFTY,NSE,,,,,24476.25,24492.15,24465.25,24465.25,,,229
2025-05-05 15:30:00,NIFTY,NSE,,,,,24466.35,24475.2,24442.15,24460.4,,,230
2025-05-05 16:00:00,NIFTY,NSE,,,,,24460.4,24461.15,24460.4,24461.15,,,231
2025-05-06 07:30:00,NIFTY,NSE,,,,,24461.15,24461.15,24461.15,24461.15,,,232
2025-05-06 08:00:00,NIFTY,NSE,,,,,24461.15,24461.15,24461.15,24461.15,,,233
2025-05-06 08:30:00,NIFTY,NSE,,,,,24461.15,24461.15,24461.15,24461.15,,,234
2025-05-06 09:00:00,NIFTY,NSE,,,,,24461.15,25010.15,24461.15,24470.8,,,235
2025-05-06 09:30:00,NIFTY,NSE,,,,,24467.7,24511.4,24350.3,24432.2,,,236
2025-05-06 10:00:00,NIFTY,NSE,,,,,24431.4,24477.05,24388.85,24389.2,,,237
2025-05-06 10:30:00,NIFTY,NSE,,,,,24388.2,24414.35,24369.2,24389.4,,,238
2025-05-06 11:00:00,NIFTY,NSE,,,,,24389.05,24406.15,24375.5,24402.4,,,239
2025-05-06 11:30:00,NIFTY,NSE,,,,,24402.6,24404.35,24366.9,24371.85,,,240
2025-05-06 12:00:00,NIFTY,NSE,,,,,24371.65,24393.3,24356.95,24372.25,,,241
2025-05-06 12:30:00,NIFTY,NSE,,,,,24373.2,24402.05,24372.6,24393.65,,,242
2025-05-06 13:00:00,NIFTY,NSE,,,,,24394.05,24398.55,24372.95,24375.35,,,243
2025-05-06 13:30:00,NIFTY,NSE,,,,,24376.4,24394.35,24367.05,24388.1,,,244
2025-05-06 14:00:00,NIFTY,NSE,,,,,24389.6,24407.9,24384.95,24405.65,,,245
2025-05-06 14:30:00,NIFTY,NSE,,,,,24407.5,24408.4,24361.9,24377.65,,,246
2025-05-06 15:00:00,NIFTY,NSE,,,,,24375.95,24385.55,24356.4,24372.4,,,247
2025-05-06 15:30:00,NIFTY,NSE,,,,,24373.1,24400.65,24332.75,24335.75,,,248
2025-05-06 16:00:00,NIFTY,NSE,,,,,24335.75,24379.6,24335.75,24379.6,,,249
2025-05-07 07:30:00,NIFTY,NSE,,,,,24379.6,24379.6,24379.6,24379.6,,,250
2025-05-07 08:00:00,NIFTY,NSE,,,,,24379.6,24379.6,24379.6,24379.6,,,251
2025-05-07 08:30:00,NIFTY,NSE,,,,,24379.6,24379.6,24379.6,24379.6,,,252
2025-05-07 09:00:00,NIFTY,NSE,,,,,24379.6,24379.6,24033.1,24049.2,,,253
2025-05-07 09:30:00,NIFTY,NSE,,,,,24043.15,24443.7,24041.35,24433.25,,,254
2025-05-07 10:00:00,NIFTY,NSE,,,,,24432.7,24449.35,24320.05,24356.15,,,255
2025-05-07 10:30:00,NIFTY,NSE,,,,,24358.0,24369.15,24285.0,24331.1,,,256
2025-05-07 11:00:00,NIFTY,NSE,,,,,24330.1,24372.85,24324.75,24339.55,,,257
2025-05-07 11:30:00,NIFTY,NSE,,,,,24339.75,24416.2,24339.65,24412.15,,,258
2025-05-07 12:00:00,NIFTY,NSE,,,,,24412.9,24430.4,24349.75,24355.0,,,259
2025-05-07 12:30:00,NIFTY,NSE,,,,,24354.5,24391.4,24352.9,24387.05,,,260
2025-05-07 13:00:00,NIFTY,NSE,,,,,24387.6,24400.4,24380.35,24382.3,,,261
2025-05-07 13:30:00,NIFTY,NSE,,,,,24381.95,24382.2,24354.95,24361.15,,,262
2025-05-07 14:00:00,NIFTY,NSE,,,,,24360.7,24374.95,24345.35,24373.85,,,263
2025-05-07 14:30:00,NIFTY,NSE,,,,,24374.85,24422.95,24367.85,24394.55,,,264
2025-05-07 15:00:00,NIFTY,NSE,,,,,24394.7,24426.05,24394.25,24404.45,,,265
2025-05-07 15:30:00,NIFTY,NSE,,,,,24405.8,24425.05,24401.85,24409.3,,,266
2025-05-07 16:00:00,NIFTY,NSE,,,,,24409.3,24414.4,24409.3,24414.4,,,267
2025-05-08 07:30:00,NIFTY,NSE,,,,,24414.4,24414.4,24414.4,24414.4,,,268
2025-05-08 08:00:00,NIFTY,NSE,,,,,24414.4,24414.4,24414.4,24414.4,,,269
2025-05-08 08:30:00,NIFTY,NSE,,,,,24414.4,24414.4,24414.4,24414.4,,,270
2025-05-08 09:00:00,NIFTY,NSE,,,,,24414.4,24781.4,24414.4,24603.95,,,271
2025-05-08 09:30:00,NIFTY,NSE,,,,,24602.1,24631.4,24382.15,24383.15,,,272
2025-05-08 10:00:00,NIFTY,NSE,,,,,24383.35,24406.65,24373.85,24382.5,,,273
2025-05-08 10:30:00,NIFTY,NSE,,,,,24383.85,24412.3,24381.9,24404.25,,,274
2025-05-08 11:00:00,NIFTY,NSE,,,,,24405.45,24409.45,24388.0,24398.4,,,275
2025-05-08 11:30:00,NIFTY,NSE,,,,,24398.4,24415.8,24395.15,24412.4,,,276
2025-05-08 12:00:00,NIFTY,NSE,,,,,24411.05,24413.55,24398.25,24400.9,,,277
2025-05-08 12:30:00,NIFTY,NSE,,,,,24401.5,24411.2,24396.7,24404.6,,,278
2025-05-08 13:00:00,NIFTY,NSE,,,,,24404.75,24405.2,24394.0,24398.1,,,279
2025-05-08 13:30:00,NIFTY,NSE,,,,,24397.5,24398.75,24350.15,24365.65,,,280
2025-05-08 14:00:00,NIFTY,NSE,,,,,24365.55,24375.85,24322.65,24335.25,,,281
2025-05-08 14:30:00,NIFTY,NSE,,,,,24334.3,24357.2,24314.4,24356.0,,,282
2025-05-08 15:00:00,NIFTY,NSE,,,,,24356.7,24357.3,24244.4,24248.1,,,283
2025-05-08 15:30:00,NIFTY,NSE,,,,,24249.2,24322.6,24151.45,24153.05,,,284
2025-05-08 16:00:00,NIFTY,NSE,,,,,24153.05,24273.8,24153.05,24273.8,,,285
2025-05-09 07:30:00,NIFTY,NSE,,,,,24273.8,24273.8,24273.8,24273.8,,,286
2025-05-09 08:00:00,NIFTY,NSE,,,,,24273.8,24273.8,24273.8,24273.8,,,287
2025-05-09 08:30:00,NIFTY,NSE,,,,,24273.8,24273.8,24273.8,24273.8,,,288
2025-05-09 09:00:00,NIFTY,NSE,,,,,24273.8,24273.8,23138.25,23408.9,,,289
2025-05-09 09:30:00,NIFTY,NSE,,,,,23410.6,24163.65,23393.4,24063.45,,,290
2025-05-09 10:00:00,NIFTY,NSE,,,,,24063.6,24122.7,24007.15,24007.85,,,291
2025-05-09 10:30:00,NIFTY,NSE,,,,,24008.45,24086.75,23949.2,24049.0,,,292
2025-05-09 11:00:00,NIFTY,NSE,,,,,24049.6,24063.25,23976.65,23997.5,,,293
2025-05-09 11:30:00,NIFTY,NSE,,,,,23996.85,24095.6,23989.4,24089.8,,,294
2025-05-09 12:00:00,NIFTY,NSE,,,,,24088.45,24121.3,24013.95,24050.7,,,295
2025-05-09 12:30:00,NIFTY,NSE,,,,,24050.0,24055.25,24010.15,24028.7,,,296
2025-05-09 13:00:00,NIFTY,NSE,,,,,24029.1,24045.6,24001.85,24037.55,,,297
2025-05-09 13:30:00,NIFTY,NSE,,,,,24036.7,24038.4,23961.7,23970.35,,,298
2025-05-09 14:00:00,NIFTY,NSE,,,,,23970.35,24013.5,23965.4,23987.35,,,299
2025-05-09 14:30:00,NIFTY,NSE,,,,,23987.6,24032.75,23960.95,23973.55,,,300
2025-05-09 15:00:00,NIFTY,NSE,,,,,23973.05,24025.7,23969.65,24004.65,,,301
2025-05-09 15:30:00,NIFTY,NSE,,,,,24002.0,24046.9,23988.45,24035.65,,,302
2025-05-09 16:00:00,NIFTY,NSE,,,,,24035.65,24035.65,24008.0,24008.0,,,303
2025-05-12 07:30:00,NIFTY,NSE,,,,,24008.0,24008.0,24008.0,24008.0,,,304
2025-05-12 08:00:00,NIFTY,NSE,,,,,24008.0,24008.0,24008.0,24008.0,,,305
2025-05-12 08:30:00,NIFTY,NSE,,,,,24008.0,24008.0,24008.0,24008.0,,,306
2025-05-12 09:00:00,NIFTY,NSE,,,,,24008.0,24392.5,24008.0,24361.0,,,307
2025-05-12 09:30:00,NIFTY,NSE,,,,,24357.7,24600.2,24357.1,24599.7,,,308
2025-05-12 10:00:00,NIFTY,NSE,,,,,24601.05,24737.2,24583.4,24715.5,,,309
2025-05-12 10:30:00,NIFTY,NSE,,,,,24719.5,24723.55,24668.4,24704.6,,,310
2025-05-12 11:00:00,NIFTY,NSE,,,,,24705.35,24712.85,24669.1,24684.1,,,311
2025-05-12 11:30:00,NIFTY,NSE,,,,,24683.35,24745.45,24680.95,24734.0,,,312
2025-05-12 12:00:00,NIFTY,NSE,,,,,24734.35,24744.6,24713.2,24719.4,,,313
2025-05-12 12:30:00,NIFTY,NSE,,,,,24718.4,24737.0,24690.35,24737.0,,,314
2025-05-12 13:00:00,NIFTY,NSE,,,,,24736.95,24806.15,24734.6,24804.85,,,315
2025-05-12 13:30:00,NIFTY,NSE,,,,,24804.2,24824.6,24779.95,24820.4,,,316
2025-05-12 14:00:00,NIFTY,NSE,,,,,24821.4,24853.05,24818.2,24843.5,,,317
2025-05-12 14:30:00,NIFTY,NSE,,,,,24843.8,24903.1,24836.0,24900.85,,,318
2025-05-12 15:00:00,NIFTY,NSE,,,,,24900.9,24930.35,24854.75,24925.25,,,319
2025-05-12 15:30:00,NIFTY,NSE,,,,,24924.5,24944.2,24898.35,24920.8,,,320
2025-05-12 16:00:00,NIFTY,NSE,,,,,24920.8,24924.7,24920.8,24924.7,,,321
2025-05-13 07:30:00,NIFTY,NSE,,,,,24924.7,24924.7,24924.7,24924.7,,,322
2025-05-13 08:00:00,NIFTY,NSE,,,,,24924.7,24924.7,24924.7,24924.7,,,323
2025-05-13 08:30:00,NIFTY,NSE,,,,,24924.7,24924.7,24924.7,24924.7,,,324
2025-05-13 09:00:00,NIFTY,NSE,,,,,24924.7,25387.3,24924.7,25026.15,,,325
2025-05-13 09:30:00,NIFTY,NSE,,,,,25027.05,25030.35,24738.65,24744.65,,,326
2025-05-13 10:00:00,NIFTY,NSE,,,,,24747.1,24846.6,24676.85,24719.1,,,327
2025-05-13 10:30:00,NIFTY,NSE,,,,,24719.2,24797.6,24653.75,24666.3,,,328
2025-05-13 11:00:00,NIFTY,NSE,,,,,24667.2,24761.65,24636.55,24743.2,,,329
2025-05-13 11:30:00,NIFTY,NSE,,,,,24742.8,24837.8,24700.35,24799.35,,,330
2025-05-13 12:00:00,NIFTY,NSE,,,,,24800.5,24817.9,24709.2,24726.55,,,331
2025-05-13 12:30:00,NIFTY,NSE,,,,,24726.85,24772.0,24693.9,24714.15,,,332
2025-05-13 13:00:00,NIFTY,NSE,,,,,24714.3,24726.35,24597.9,24616.4,,,333
2025-05-13 13:30:00,NIFTY,NSE,,,,,24614.8,24648.9,24589.9,24596.55,,,334
2025-05-13 14:00:00,NIFTY,NSE,,,,,24600.2,24617.85,24578.0,24578.0,,,335
2025-05-13 14:30:00,NIFTY,NSE,,,,,24577.75,24609.4,24561.3,24589.85,,,336
2025-05-13 15:00:00,NIFTY,NSE,,,,,24587.85,24636.85,24575.55,24613.05,,,337
2025-05-13 15:30:00,NIFTY,NSE,,,,,24613.3,24617.5,24548.05,24593.65,,,338
2025-05-13 16:00:00,NIFTY,NSE,,,,,24593.65,24593.65,24578.3,24578.35,,,339
